product name,related product
Adidas Essentials Tee,Gucci x Disney 2025; Gucci Logo Chest Note - Áo Thun Cổ Tròn Tay Ngắn Mới 2025; Adidas Crop Top Tee; Áo phông Nike Essential Tee; Adidas Run It Tee
Adidas Sport Performance Tee,Adidas Aeroready Training Tee; Áo Thun CLOUDSPUN Nam Puma; Adidas HeatReady Tee; Adidas Run It Tee; Sport Duffel Bag
Adidas Graphic Print Tee,Adidas Yoga Comfort Tee; Adidas Originals Trefoil Tee; Adidas Crop Top Tee; Adidas Run It Tee; Adidas HeatReady Tee
Adidas Run It Tee,Adidas HeatReady Tee; Adidas Crop Top Tee; Áo thun nữ chạy bộ VELOCITY Puma; Adidas Aeroready Training Tee; Adidas Graphic Print Tee
Adidas Aeroready Training Tee,Adidas HeatReady Tee; Adidas Crop Top Tee; Adidas Sport Performance Tee; Adidas Run It Tee; Gucci Logo Chest Note - Áo Thun Cổ Tròn Tay Ngắn Mới 2025
Adidas Originals Trefoil Tee,Adidas Crop Top Tee; Adidas Graphic Print Tee; Adidas Yoga Comfort Tee; Adidas HeatReady Tee; Adidas Aeroready Training Tee
Adidas Yoga Comfort Tee,Adidas Crop Top Tee; Adidas Graphic Print Tee; Adidas HeatReady Tee; Nike Yoga Soft Touch Tee; Adidas Originals Trefoil Tee
Adidas HeatReady Tee,Adidas Aeroready Training Tee; Adidas Crop Top Tee; Adidas Run It Tee; Adidas Yoga Comfort Tee; Adidas Sport Performance Tee
Adidas Crop Top Tee,Adidas Yoga Comfort Tee; Adidas HeatReady Tee; Adidas Aeroready Training Tee; Gucci Logo Chest Note - Áo Thun Cổ Tròn Tay Ngắn Mới 2025; Adidas Originals Trefoil Tee
Adidas Classic Backpack,Adidas Street Bag; Adidas Tech Backpack; Adidas Originals Trefoil Bag; Adidas Classic Tote Bag; Adidas Ultraboost 22
Adidas Sport Gym Bag,Adidas Sport Performance Cap; Adidas Travel Backpack; Adidas Adventure Backpack; Adidas Training Cap; Nike Dri-FIT Run Tee
Adidas Originals Trefoil Bag,Adidas Originals Sport Socks; Adidas Trefoil Cap; Adidas Originals Snapback; Adidas Tech Backpack; Adidas Classic Backpack
Adidas Adventure Backpack,Adidas Travel Backpack; Adidas Sport Gym Bag; Nike GK Hard Ground Gloves; Ví cầm tay Clutch GUCCI Nam Black; Adidas Street Bag
Adidas Mini Backpack,Small Croc Shoulder Bag; Túi Cầm Tay Nữ Gucci Ophidia GG Pouch Toiletry Bag; Adidas Classic Tote Bag; Băng Đô Nữ Gucci Silk Headban; Women Sun Visor
Adidas Tech Backpack,Adidas Classic Backpack; Adidas Originals Trefoil Bag; Ví cầm tay Clutch GUCCI Nam Black; Quần short chạy bộ nam 2 trong 1 VELOCITY; Nike Sport Backpack 25L
Adidas Street Bag,Adidas Classic Backpack; Adidas Travel Backpack; Square Nylon Sunglasses; Classic Green Croc Watch; Adidas Originals Trefoil Bag
Adidas Running Bag,Adidas Running Cap; Nike Headband Dri-FIT; Adidas Winter Running Gloves; Adidas Climacool Training Gloves; Áo King Jersey PUMA x REPRESENT Nam
Adidas Travel Backpack,Adidas Adventure Backpack; Adidas Sport Gym Bag; Sport Nylon Backpack; Adidas Street Bag; Nike Sport Backpack 25L
Adidas Classic Tote Bag,Băng Đô Nữ Gucci Silk Headban; Áo Phông Unisex Gucci Think/Thank Print; Adidas Classic Backpack; Adidas Mini Backpack; Club Leather Watch
Adidas Ultraboost 22,Adidas Yeezy Boost 350; Nike Tiempo Legend Academy; Adidas Classic Backpack; Adidas Swift Run; Nike Resistance Band Medium
Adidas Superstar,Adidas Forum Low; Nike Tiempo Legend 10; Adidas Classic Cap; Crocodile Mini Crossbody; Adidas Gazelle
Adidas NMD_R1,Adidas Yeezy Boost 350; Adidas Adizero Boston; Adidas ZX 2K Boost; Adidas Swift Run; Adidas Ultraboost 22
Adidas Gazelle,Adidas Forum Low; Adidas Baseball Cap; Adidas Superstar; Nike GK Youth Match; Giày thể thao phong cách cổ điển Palermo Unisex
Adidas Yeezy Boost 350,Adidas ZX 2K Boost; Adidas Ultraboost 22; Adidas NMD_R1; Adidas Originals Trefoil Socks; Adidas Cushioned Crew Socks
Adidas Adizero Boston,Adidas Swift Run; Adidas NMD_R1; Adidas Running Cap; Nike Mercurial Vapor 15; Adidas Ultraboost 22
Adidas Predator Edge,Nike Phantom GX Elite; Nike Phantom GX Academy; Nike Street Gato; Crocodile Mini Crossbody; Nike Mercurial Vapor 15
Adidas Forum Low,Adidas Superstar; Adidas Gazelle; Crocodile Mini Crossbody; Adidas ZX 2K Boost; Adidas Swift Run
Adidas Swift Run,Adidas Adizero Boston; Adidas Running Cap; Adidas Run It Tee; Adidas ZX 2K Boost; Adidas Forum Low
Adidas ZX 2K Boost,Adidas Yeezy Boost 350; Adidas Forum Low; Adidas NMD_R1; Adidas Swift Run; Cat-eye Acetate Sunglasses
Adidas Classic Cap,Lacoste Minimalist Black Tee; Áo phông Nike Essential Tee; Adidas Superstar; Giày Lười Nam Gucci Leather Moccasins Grey; Adidas Trefoil Cap
Adidas Trefoil Cap,Adidas Originals Trefoil Bag; Adidas Originals Sport Socks; Adidas Originals Snapback; Adidas Classic Cap; Adidas Running Cap
Adidas Sport Performance Cap,Adidas Sport Gym Bag; Adidas Training Cap; Sport Nylon Backpack; Aviator Metal Frame; Adidas Golf Cap
Adidas Originals Snapback,Adidas Trefoil Cap; Adidas Originals Trefoil Bag; Adidas Originals Sport Socks; Crocodile Mini Crossbody; Geneva Women Watch
Adidas Running Cap,Adidas Running Bag; Adidas Training Cap; Adidas Swift Run; Nike Elite Head Tie; Adidas Winter Running Gloves
Adidas Baseball Cap,Adidas Gazelle; Adidas Running Cap; Adidas Classic Cap; Adidas Golf Cap; Adidas Trefoil Cap
Adidas Training Cap,Adidas Sport Performance Cap; Adidas Running Cap; Adidas Ankle Socks; Nike Headband Dri-FIT; Adidas Sport Gym Bag
Adidas Climacool Cap,Adidas Climacool Socks; Racing Sport Cap; Sport Duffel Bag; Adidas Climacool Training Gloves; Adidas Sport Performance Cap
Adidas Golf Cap,Adidas Sport Performance Cap; Adidas Baseball Cap; Adidas Bucket Hat; Adidas Running Cap; Adidas Cushioned Low Cut Socks
Adidas Bucket Hat,Adidas Sport Performance Cap; Aviator Metal Frame; Adidas Originals Trefoil Socks; Adidas Yeezy Boost 350; Lacoste Classic Tee
Adidas Cushioned Crew Socks,Adidas Originals Sport Socks; Adidas Cushioned Low Cut Socks; Adidas Climacool Socks; Adidas Ankle Socks; Sport Performance Cap
Adidas Performance No-Show Socks,Adidas Cushioned Low Cut Socks; Nike Training Gloves; Adidas Cushioned Crew Socks; Adidas Athletic Crew Socks; Adidas Everyday Socks
Adidas Originals Trefoil Socks,Adidas Everyday Socks; Adidas Originals Trefoil Bag; Adidas Originals Sport Socks; Adidas Yeezy Boost 350; Adidas Trefoil Cap
Adidas Ankle Socks,Adidas Training Socks; Square Nylon Sunglasses; Adidas Training Cap; Adidas Performance Full Gloves; Lacoste Slim Fit Stretch Tee
Adidas Cushioned Low Cut Socks,Adidas Cushioned Crew Socks; Adidas Performance No-Show Socks; Nike Court Tennis Performance Tee; Adidas Athletic Crew Socks; Adidas Run It Tee
Adidas Athletic Crew Socks,Gucci Logo Chest Note - Áo Thun Cổ Tròn Tay Ngắn Mới 2025; Nike Dri-FIT Training Pro Tee; Adidas Essentials Tee; Nike Wristband Doublewide; Áo King Jersey PUMA x REPRESENT Nam
Adidas Climacool Socks,Adidas Climacool Cap; Racing Sport Cap; Adidas Originals Sport Socks; Adidas Cushioned Crew Socks; Lacoste Sport DryFit Tee
Adidas Everyday Socks,Adidas Originals Trefoil Socks; Adidas Essentials Tee; Adidas Performance No-Show Socks; Adidas Cushioned Low Cut Socks; Gucci Logo Chest Note - Áo Thun Cổ Tròn Tay Ngắn Mới 2025
Adidas Training Socks,Adidas Ankle Socks; Square Nylon Sunglasses; Adidas Performance Full Gloves; Adidas Training Cap; Lacoste Slim Fit Stretch Tee
Adidas Originals Sport Socks,Adidas Originals Trefoil Bag; Adidas Cushioned Crew Socks; Adidas Trefoil Cap; Adidas Climacool Socks; Adidas Originals Snapback
Adidas Training Grip Gloves,Adidas Goalkeeper Gloves Match; Nike Dri-FIT Run Tee; Nike Training Gloves; Adidas Classic Backpack; Adidas Performance No-Show Socks
Adidas Fingerless Gym Gloves,Nike GK Strong Grip; Adidas Yoga Grip Gloves; Adidas Classic Cap; Adidas Climacool Training Gloves; Sport Performance Cap
Adidas Performance Full Gloves,Adidas Ankle Socks; Adidas Training Socks; Lacoste Slim Fit Stretch Tee; Adidas Winter Running Gloves; Nike Headband Dri-FIT
Adidas Climacool Training Gloves,Adidas Climacool Cap; Adidas Running Bag; Adidas Training Cap; Áo King Jersey PUMA x REPRESENT Nam; Adidas Climacool Socks
Adidas Winter Running Gloves,Adidas Running Bag; Adidas Running Cap; Adidas Performance Full Gloves; NikeCourt Tech Fleece Hoodie; Adidas Outdoor Cold Weather Gloves
Adidas Goalkeeper Gloves Match,Nike Shin Guard Mercurial Lite; Nike Vapor Grip3 Elite; Adidas Training Grip Gloves; Nike GK Hard Ground Gloves; Nike Grip3 Goalkeeper Gloves
Adidas Predator Training Gloves,Nike Resistance Band Medium; Adidas Goalkeeper Gloves Match; Adidas NMD_R1; Adidas Ultraboost 22; Adidas Sport Performance Tee
Adidas Yoga Grip Gloves,Adidas Fingerless Gym Gloves; Adidas Bucket Hat; Adidas Performance Full Gloves; Nike Yoga Mat 5mm; Adidas Training Grip Gloves
Adidas Cycling Gloves,Sport Performance Cap; Adidas Cushioned Crew Socks; Nike GK Gunn Cut Pro; Adidas Originals Sport Socks; Adidas Climacool Socks
Adidas Outdoor Cold Weather Gloves,NikeCourt Tech Fleece Hoodie; Adidas Winter Running Gloves; Adidas Sport Performance Cap; Nike Training Gloves; Adidas Bucket Hat
Lacoste Classic Tee,Lacoste Striped Casual Tee; Áo phông Nike Essential Tee; Adidas Essentials Tee; Nike Dri-FIT Training Pro Tee; Áo King Jersey PUMA x REPRESENT Nam
Lacoste Sport DryFit Tee,Racing Sport Cap; Croc Logo Snapback; Adidas Climacool Socks; Adidas Aeroready Training Tee; NikeCourt AeroBill H86 Hat
Lacoste UltraSoft Cotton Tee,Cotton Twill Bucket Hat; Adidas Classic Cap; Lacoste Pastel Soft Tee; Lacoste Minimalist Black Tee; Nike Sportswear Club Tee
Lacoste Striped Casual Tee,Lacoste Classic Tee; Adidas Essentials Tee; Adidas Superstar; Túi Đeo Chéo Gucci GG Ophidia Shoulder Bag; Nike Heritage Logo Tee
Lacoste Logo Embroidery Tee,Classic Cotton Cap; Lacoste Minimalist Black Tee; Croc Logo Snapback; Adidas Originals Sport Socks; Lacoste Sport DryFit Tee
Lacoste Slim Fit Stretch Tee,Nike Yoga Soft Touch Tee; Nike Air Max Slim Tee; Adidas Ankle Socks; Nike Headband Dri-FIT; Adidas Performance Full Gloves
Lacoste AirFlex Performance Tee,Sport Performance Cap; Adidas Baseball Cap; Square Nylon Sunglasses; Large Shopping Tote; Adidas Gazelle
Lacoste Minimalist Black Tee,Adidas Classic Cap; Cotton Twill Bucket Hat; Lacoste Logo Embroidery Tee; Croc Logo Snapback; Adidas Superstar
Lacoste Pastel Soft Tee,Lacoste Classic Tee; Adidas Crop Top Tee; Women Sun Visor; Lacoste UltraSoft Cotton Tee; Gương Trang Điểm Nữ Gucci Beauty Mirror With Pouch Pink
L.12.12 Blanc EDT,L.12.12 Noir EDT; L.12.12 French Panache Men; L.12.12 Magnetic Men; Sport Wrap Sunglasses; Sport Duffel Bag
L.12.12 Noir EDT,L.12.12 Blanc EDT; Nước hoa Gucci Guilty Pour Homme; L.12.12 Magnetic Men; Nước hoa nữ Gucci Rush; Nước hoa nam Gucci Guilty Pour Homme
Touch of Pink EDT,Pour Femme EDP; L.12.12 French Panache Women; Eau de Lacoste L.12.12 Sparkling; Classic Green Croc Watch; Nước Hoa Gucci Bloom Acqua Di Flori
Pour Femme EDP,L.12.12 French Panache Women; Touch of Pink EDT; Nước Hoa Gucci Flora Gorgeous Gardenia EDP 100ml; Nước hoa nữ Memoire Dune Odeur; Nước hoa nữ Gucci Rush
L.12.12 Magnetic Men,L.12.12 Noir EDT; L.12.12 Blanc EDT; L.12.12 French Panache Men; Pour Femme EDP; Adidas Goalkeeper Gloves Match
L.12.12 French Panache Men,L.12.12 Blanc EDT; Nước hoa nữ Gucci Rush; L.12.12 Noir EDT; Essential Sport EDT; L.12.12 Magnetic Men
L.12.12 French Panache Women,Eau de Lacoste L.12.12 Sparkling; Pour Femme EDP; Touch of Pink EDT; Nước Hoa Nữ Gucci Flora Gorgeous Gardenia; Nước hoa nữ Memoire Dune Odeur
Eau de Lacoste L.12.12 Sparkling,L.12.12 French Panache Women; Touch of Pink EDT; Pour Femme EDP; Nước Hoa Gucci Bloom Acqua Di Flori; Nước Hoa Nữ Gucci Flora Gorgeous Gardenia
Booster EDT,Essential Sport EDT; Nước hoa nữ Memoire Dune Odeur; L.12.12 French Panache Women; Nước hoa Gucci Guilty Pour Homme; Aviator Metal Frame
Essential Sport EDT,Booster EDT; L.12.12 French Panache Women; L.12.12 French Panache Men; L.12.12 Blanc EDT; Nước hoa Gucci Guilty Pour Homme
Classic Leather Crossbody,Crocodile Mini Crossbody; Nike Training Gloves; Adidas Superstar; Adidas Forum Low; Cotton Twill Bucket Hat
Canvas Tote Bag,Large Shopping Tote; Signature Monogram Tote; Mũ Gucci Original GG Canvas Black; Giày Cao Gót Nữ Gucci Interlocking GG Leather Cream Sandals; Mũ Gucci GG Canvas Bucket Hat
Small Croc Shoulder Bag,Adidas Mini Backpack; Logo Belt Bag; Giày Lười Nam Gucci Leather Moccasins Grey; Túi Đeo Chéo Gucci GG Ophidia Shoulder Bag; Women Sun Visor
Sport Nylon Backpack,Adidas Sport Performance Cap; Adidas Travel Backpack; Adidas Sport Gym Bag; Square Nylon Sunglasses; Nike Wristband Doublewide
Logo Belt Bag,Small Croc Shoulder Bag; Túi Đeo Chéo Gucci Dionysus GG Supreme Mini Bag; Adidas Superstar; Classic Cotton Cap; Adidas Forum Low
Large Shopping Tote,Lacoste AirFlex Performance Tee; Adidas Baseball Cap; Lacoste Striped Casual Tee; Adidas Gazelle; Nike GK Youth Match
Crocodile Mini Crossbody,Geneva Women Watch; Classic Leather Crossbody; Adidas Originals Snapback; Adidas Forum Low; Nike Training Gloves
Sport Duffel Bag,Women Sun Visor; Sport Wrap Sunglasses; Nike Sport Backpack 25L; Adidas Climacool Cap; Cotton Twill Bucket Hat
Square Messenger Bag,Square Nylon Sunglasses; Gương Trang Điểm Nữ Gucci Beauty Mirror With Pouch Pink; Adidas Ankle Socks; Tennis UV Cap; Giày Lười Nam Gucci Leather Moccasins Grey
Signature Monogram Tote,Oversized Women Shades; Túi Đeo Chéo Nữ Gucci GG Monogram Marmont Mini Satchel; Round Metal Sunglasses; Moon Leather Watch; Victoria Ladies Watch
Sport Silicone Watch,Classic Green Croc Watch; Sport Wrap Sunglasses; Sport Duffel Bag; Moon Leather Watch; Women Sun Visor
Moon Leather Watch,Sport Silicone Watch; Club Leather Watch; Oversized Women Shades; Geneva Women Watch; Đồng hồ nữ Gucci 2305L Series
Victoria Ladies Watch,Paris Business Watch; Oversized Women Shades; Đồng Hồ Unisex Gucci 115 Pantheon Chronograph; Round Metal Sunglasses; Túi Đeo Chéo Nữ Gucci GG Monogram Marmont Mini Satchel
Classic Green Croc Watch,Mũ Gucci GG Canvas Bucket Hat; Sport Silicone Watch; Adidas Street Bag; Touch of Pink EDT; Mũ Gucci GG Psychedelic Baseball Hat Multicolor/Black 
Paris Business Watch,Victoria Ladies Watch; NikeCourt Advantage Polo; Đồng hồ nữ Gucci 2305L Series; Giày Lười Nam Gucci Loafer With Horsebit Black; Túi đeo chéo PUMA Sense
Geneva Women Watch,Cat-eye Acetate Sunglasses; Crocodile Mini Crossbody; Đồng hồ nữ Gucci 2305L Series; Adidas Originals Snapback; Mũ Gucci Original GG Canvas Black
Capbreton Sport Watch,Adidas Goalkeeper Gloves Match; Club Leather Watch; Paris Business Watch; Nike Yoga Mat 5mm; Sport Wrap Sunglasses
Club Leather Watch,Adidas Classic Tote Bag; Geneva Women Watch; Thắt lưng Gucci 2505 nam; Capbreton Sport Watch; Đồng hồ nữ Gucci 2305L Series
Cannes Women Crystal,Victoria Ladies Watch; Paris Business Watch; Mũ lưỡi trai PUMA x ROSÉ; Adidas Predator Edge; Đồng Hồ Unisex Gucci 115 Pantheon Chronograph
Motion Digital Sport,Retro Round Frame; Sport Wrap Sunglasses; Cotton Twill Bucket Hat; Oversized Women Shades; Nike Shin Guard Mercurial Lite
Rectangular Acetate Sunglasses,Cat-eye Acetate Sunglasses; Transparent Frame Sunglasses; Cotton Twill Bucket Hat; Round Metal Sunglasses; Kính Mát Nam Gucci
Round Metal Sunglasses,Aviator Metal Frame; Oversized Women Shades; Signature Monogram Tote; Victoria Ladies Watch; Rectangular Acetate Sunglasses
Sport Wrap Sunglasses,Sport Duffel Bag; Shield Sport Sunglasses; Retro Round Frame; Women Sun Visor; Oversized Women Shades
Aviator Metal Frame,"Adidas Sport Performance Cap; Adidas Bucket Hat; Round Metal Sunglasses; Đồng Hồ Nam Gucci G-Timeless Watch ; Bình nước thể thao 1L
"
Square Nylon Sunglasses,Square Messenger Bag; Adidas Ankle Socks; Sport Performance Cap; Adidas Training Socks; Adidas Sport Performance Cap
Cat-eye Acetate Sunglasses,Geneva Women Watch; Rectangular Acetate Sunglasses; Mũ Gucci Original GG Canvas Black; Transparent Frame Sunglasses; Adidas ZX 2K Boost
Transparent Frame Sunglasses,Cat-eye Acetate Sunglasses; Rectangular Acetate Sunglasses; Nike Street Gato; NikeCourt Pure Skirt; Mũ Xô PUMA x SQUID GAME
Oversized Women Shades,Signature Monogram Tote; Victoria Ladies Watch; Round Metal Sunglasses; Retro Round Frame; Sport Wrap Sunglasses
Retro Round Frame,Sport Wrap Sunglasses; Cotton Twill Bucket Hat; Motion Digital Sport; Oversized Women Shades; Nike Shin Guard Mercurial Lite
Shield Sport Sunglasses,Sport Wrap Sunglasses; Sport Duffel Bag; Women Sun Visor; Retro Round Frame; Adidas Climacool Cap
Classic Cotton Cap,"Lacoste Logo Embroidery Tee; Áo Thun Ngắn Tay Gucci Print Double G, Màu Đỏ Xanh; Adidas Originals Sport Socks; Cotton Twill Bucket Hat; Adidas Trefoil Cap"
Sport Performance Cap,Square Nylon Sunglasses; Lacoste AirFlex Performance Tee; Adidas Ankle Socks; NikeCourt Advantage Polo; Adidas Cushioned Crew Socks
Wool Blend Bucket Hat,Winter Knit Beanie; Khăn Quàng Cổ Nữ Gucci Wool Silk Scarf ; Adidas Baseball Cap; Giày Lười Nam Gucci Leather Moccasins Grey; Adidas Everyday Socks
Tennis UV Cap,Square Nylon Sunglasses; Kính Mát Nam Gucci; Sport Nylon Backpack; Square Messenger Bag; Classic Cotton Cap
Denim Casual Cap,Quần Short Jeans Nam PUMA x A$AP ROCKY; Winter Knit Beanie; Bờm Tóc Nữ Gucci GG Denim Head Band Màu Denim; Square Nylon Sunglasses; Classic Green Croc Watch
Cotton Twill Bucket Hat,Sport Duffel Bag; Lacoste Minimalist Black Tee; Retro Round Frame; Croc Logo Snapback; Adidas Classic Cap
Croc Logo Snapback,Lacoste Sport DryFit Tee; Cotton Twill Bucket Hat; Lacoste Minimalist Black Tee; Lacoste Logo Embroidery Tee; Adidas Originals Snapback
Women Sun Visor,Sport Duffel Bag; Sport Wrap Sunglasses; Shield Sport Sunglasses; Nike Sport Backpack 25L; Adidas Climacool Cap
Winter Knit Beanie,Wool Blend Bucket Hat; Adidas Swift Run; Denim Casual Cap; NikeCourt AeroBill H86 Hat; Adidas Sport Performance Cap
Racing Sport Cap,Adidas Climacool Socks; Adidas Climacool Cap; NikeCourt AeroBill H86 Hat; Lacoste Sport DryFit Tee; Sport Duffel Bag
Gucci Logo Chest Note - Áo Thun Cổ Tròn Tay Ngắn Mới 2025,Gucci x Disney 2025; Adidas Essentials Tee; Adidas Crop Top Tee; Adidas Aeroready Training Tee; Áo phông Nike Essential Tee
Gucci x Disney 2025,Gucci Logo Chest Note - Áo Thun Cổ Tròn Tay Ngắn Mới 2025; Adidas Essentials Tee; Adidas Crop Top Tee; Adidas Aeroready Training Tee; Adidas Graphic Print Tee
Gucci Áo Thun Ngắn Tay Chữ G Kép & Màu Đỏ Xanh,Gucci x Chibi Maruko; Áo Phông Nữ Gucci Women’s California TShirt White; Gucci Leopart print beige; Áo Phông Nữ Gucci Knitted Short Sleeve T-Shirt; Áo đôi Gucci 1987 House bunny 
Áo đôi Gucci 1987 House bunny ,Gucci Leopart print beige; Áo Phông Nữ Gucci Knitted Short Sleeve T-Shirt; Áo Phông Nữ Gucci Women’s California TShirt White; Gucci x Chibi Maruko; Áo Phông Unisex Gucci Think/Thank Print
"Áo Thun Ngắn Tay Gucci Print Double G, Màu Đỏ Xanh",Classic Cotton Cap; Adidas Classic Cap; Áo Phông Nữ Gucci Women’s California TShirt White; Adidas Originals Trefoil Socks; Adidas Essentials Tee
Gucci Leopart print beige,Áo đôi Gucci 1987 House bunny ; Áo Phông Nữ Gucci Women’s California TShirt White; Áo Phông Nữ Gucci Knitted Short Sleeve T-Shirt; Gucci x Chibi Maruko; Gucci Áo Thun Ngắn Tay Chữ G Kép & Màu Đỏ Xanh
Gucci x Chibi Maruko,Gucci Áo Thun Ngắn Tay Chữ G Kép & Màu Đỏ Xanh; Áo Phông Nữ Gucci Women’s California TShirt White; Gucci Leopart print beige; Áo Phông Nữ Gucci Knitted Short Sleeve T-Shirt; Áo đôi Gucci 1987 House bunny 
Áo Phông Nữ Gucci Women’s California TShirt White,Gucci x Chibi Maruko; Gucci Áo Thun Ngắn Tay Chữ G Kép & Màu Đỏ Xanh; Áo Phông Nữ Gucci Knitted Short Sleeve T-Shirt; Gucci Leopart print beige; Áo đôi Gucci 1987 House bunny 
Áo Phông Nữ Gucci Knitted Short Sleeve T-Shirt,Áo Phông Nữ Gucci Women’s California TShirt White; Gucci Leopart print beige; Áo đôi Gucci 1987 House bunny ; Áo phông Nike Essential Tee; Gucci x Chibi Maruko
Áo Phông Unisex Gucci Think/Thank Print,Adidas Classic Tote Bag; Băng Đô Nữ Gucci Silk Headban; Gucci Logo Chest Note - Áo Thun Cổ Tròn Tay Ngắn Mới 2025; Gucci x Disney 2025; Adidas Graphic Print Tee
Phấn Phủ Dạng Nén Kiềm Dầu Siêu Tốt Gucci Poudre De Beaute Mat Naturel 10g,Phấn Má Hồng Gucci Blush De Beauté; Bảng Phấn Mắt Gucci Palette De Beauté Quatuor Eyeshadow ; Son Gucci Rouge Liquid Matte Lip Colour; SON THỎI G.C VOILE; SON G.C SATIN
Son Gucci Rouge Liquid Matte Lip Colour,Son kem Gucci Rouge À Lèvres Matte Lips; Phấn Phủ Dạng Nén Kiềm Dầu Siêu Tốt Gucci Poudre De Beaute Mat Naturel 10g; SON THỎI G.C VOILE; SON G.C SATIN; Racing Sport Cap
Nước Hoa Gucci Flora Gorgeous Gardenia EDP 100ml,Nước Hoa Nữ Gucci Flora Gorgeous Gardenia; Nước hoa nữ Memoire Dune Odeur; Pour Femme EDP; Nước hoa nữ Guilty Pour Femme; Nước hoa nữ Gucci Rush
Son kem Gucci Rouge À Lèvres Matte Lips,Son Gucci Rouge Liquid Matte Lip Colour; Racing Sport Cap; SON G.C SATIN; Đồng Hồ Nam Gucci G-Timeless Watch ; Áo Thun Porsche Legacy Nam Puma
SON THỎI G.C VOILE,SON G.C SATIN; Son Gucci Rouge Liquid Matte Lip Colour; Bảng Phấn Mắt Gucci Palette De Beauté Quatuor Eyeshadow ; Nước Hoa Gucci Bloom Acqua Di Flori; Phấn Má Hồng Gucci Blush De Beauté
Nước Hoa Gucci Bloom Acqua Di Flori,Nước hoa nữ Memoire Dune Odeur; Nước Hoa Nữ Gucci Flora Gorgeous Gardenia; Eau de Lacoste L.12.12 Sparkling; Nước Hoa Gucci Flora Gorgeous Gardenia EDP 100ml; Nước hoa Nữ Gucci Bamboo
SON G.C SATIN,SON THỎI G.C VOILE; Nike Oversized Lifestyle Tee; Adidas Everyday Socks; Son Gucci Rouge Liquid Matte Lip Colour; Áo phông Nike Essential Tee
Phấn Má Hồng Gucci Blush De Beauté,Phấn Phủ Dạng Nén Kiềm Dầu Siêu Tốt Gucci Poudre De Beaute Mat Naturel 10g; Bảng Phấn Mắt Gucci Palette De Beauté Quatuor Eyeshadow ; Women Sun Visor; SON THỎI G.C VOILE; Small Croc Shoulder Bag
Nước Hoa Nữ Gucci Flora Gorgeous Gardenia,Nước Hoa Gucci Flora Gorgeous Gardenia EDP 100ml; Nước hoa nữ Gucci Rush; Nước Hoa Gucci Bloom Acqua Di Flori; Nước hoa nữ Memoire Dune Odeur; L.12.12 French Panache Women
Originals X Gucci,Giày Gucci Gazelle Cero 2022; Giày thể thao Adidas x Gucci cổ điển; Giày thể thao Adidas x Gucci Gazelle White ; Mũ bóng chày Gucci; Giày thể thao King Indoor Unisex
Nước hoa Gucci Guilty Pour Homme,Nước hoa nam Gucci Guilty Pour Homme; Nước hoa Nữ Gucci Bamboo; L.12.12 Noir EDT; Nước hoa nữ Memoire Dune Odeur; Nước hoa nữ Guilty Pour Femme
Đồng hồ nữ Gucci 2305L Series,Đồng Hồ Nam Gucci G-Timeless Watch ; Thắt lưng Gucci 2505 nam; Geneva Women Watch; Đồng hồ nữ Gucci G-Timeless; Đồng Hồ Unisex Gucci 115 Pantheon Chronograph
Mũ bóng chày Gucci,Mũ Gucci GG Canvas Bucket Hat; Adidas Originals Sport Socks; Mũ Gucci Original GG Canvas Black; Originals X Gucci; Adidas Trefoil Cap
Giày thể thao Adidas x Gucci cổ điển,Giày thể thao Adidas x Gucci Gazelle White ; Originals X Gucci; Giày Gucci Gazelle Cero 2022; Dép Nam Gucci Men's GG Supreme Tigers Slide Sandal ; Geneva Women Watch
Thắt lưng Gucci 2505 nam,Đai thắt lưng nam GUCCI; Đồng hồ nữ Gucci 2305L Series; Giày Cao Gót Nữ Gucci Mid-Heel Pump With Horsebit In Black; Giày Lười Nam Gucci Leather Moccasins Grey; Giày Lười Nam Gucci Interlocking G Loafer
Nước hoa nữ Gucci Rush,Nước hoa Nữ Gucci Bamboo; Nước Hoa Nữ Gucci Flora Gorgeous Gardenia; Nước Hoa Gucci Flora Gorgeous Gardenia EDP 100ml; Pour Femme EDP; L.12.12 Noir EDT
Ví cầm tay Clutch GUCCI Nam Black,Nike Sport Backpack 25L; Adidas Tech Backpack; Adidas Travel Backpack; Thắt lưng Gucci 2505 nam; Đồng Hồ Unisex Gucci 115 Pantheon Chronograph
Giày thể thao Adidas x Gucci Gazelle White ,Giày Gucci Gazelle Cero 2022; Giày thể thao Adidas x Gucci cổ điển; Originals X Gucci; Geneva Women Watch; Thắt lưng Gucci 2505 nam
Nước hoa nữ Memoire Dune Odeur,Nước Hoa Gucci Bloom Acqua Di Flori; Nước Hoa Gucci Flora Gorgeous Gardenia EDP 100ml; Pour Femme EDP; Nước Hoa Nữ Gucci Flora Gorgeous Gardenia; L.12.12 French Panache Women
Giày Gucci Gazelle Cero 2022,Originals X Gucci; Giày thể thao Adidas x Gucci Gazelle White ; Giày thể thao Adidas x Gucci cổ điển; Mũ bóng chày Gucci; Adidas Forum Low
Nước hoa nữ Guilty Pour Femme,Nước Hoa Gucci Flora Gorgeous Gardenia EDP 100ml; Nước Hoa Nữ Gucci Flora Gorgeous Gardenia; Nước hoa Nữ Gucci Bamboo; Nước hoa Gucci Guilty Pour Homme; Women Sun Visor
Nước hoa nam Gucci Guilty Pour Homme,Nước hoa Gucci Guilty Pour Homme; Nước hoa Nữ Gucci Bamboo; L.12.12 Noir EDT; Nước hoa nữ Gucci Rush; Nước hoa nữ Guilty Pour Femme
Đai thắt lưng nam GUCCI,Thắt lưng Gucci 2505 nam; Đồng Hồ Nam Gucci G-Timeless Watch ; Giày Lười Nam Gucci Interlocking G Loafer; Giày Lười Nam Gucci Leather Moccasins Grey; Đồng hồ nữ Gucci 2305L Series
Đồng hồ nữ Gucci G-Timeless,Đồng hồ nữ Gucci 2305L Series; Đồng Hồ Unisex Gucci 115 Pantheon Chronograph; Đồng Hồ Nam Gucci G-Timeless Watch ; Túi Đeo Chéo Nữ Gucci Marmont Leather Handbag; Giày Lười Nam Gucci Loafer With Horsebit Black
Nước hoa Nữ Gucci Bamboo,Nước hoa nữ Gucci Rush; Nước hoa nam Gucci Guilty Pour Homme; Nước hoa Gucci Guilty Pour Homme; Nước hoa nữ Guilty Pour Femme; Nước Hoa Nữ Gucci Flora Gorgeous Gardenia
Kẹp Tóc Nữ Gucci Heart Interlocking G Mini Hair Clip,Eau de Lacoste L.12.12 Sparkling; Khăn Quàng Cổ Gucci Logo GG Web Wool Scarf; Thắt lưng Gucci 2505 nam; Giày Lười Nam Gucci Interlocking G Loafer; Giày Cao Gót Nữ Gucci Interlocking GG Leather Cream Sandals
Băng Đô Nữ Gucci Silk Headban,Adidas Classic Tote Bag; Áo Phông Unisex Gucci Think/Thank Print; Adidas Mini Backpack; Túi Cầm Tay Nữ Gucci Ophidia GG Pouch Toiletry Bag; Khăn Lụa Nữ Gucci Vintage Silk Flower Square Scarf 
Bờm Tóc Nữ Gucci GG Denim Head Band Màu Denim,Adidas Originals Snapback; Denim Casual Cap; Adidas Originals Sport Socks; Mũ Gucci GG Canvas Bucket Hat; Mũ Gucci Original GG Canvas Black
Gương Trang Điểm Nữ Gucci Beauty Mirror With Pouch Pink,Square Messenger Bag; Túi Đeo Chéo Nữ Gucci GG Monogram Marmont Mini Satchel; Túi Cầm Tay Nữ Gucci Ophidia GG Pouch Toiletry Bag; Túi Đeo Chéo Gucci Dionysus GG Supreme Mini Bag; Lacoste Pastel Soft Tee
Túi Cầm Tay Nữ Gucci Ophidia GG Pouch Toiletry Bag,Túi Đeo Chéo Gucci GG Ophidia Shoulder Bag; Adidas Mini Backpack; Gương Trang Điểm Nữ Gucci Beauty Mirror With Pouch Pink; Băng Đô Nữ Gucci Silk Headban; Túi Đeo Chéo Nữ Gucci Marmont Leather Handbag
Đồng Hồ Unisex Gucci 115 Pantheon Chronograph,Victoria Ladies Watch; Đồng Hồ Nam Gucci G-Timeless Watch ; Đồng hồ nữ Gucci 2305L Series; Đồng hồ nữ Gucci G-Timeless; Ví cầm tay Clutch GUCCI Nam Black
Giày Cao Gót Nữ Gucci Interlocking GG Leather Cream Sandals,Giày Lười Nam Gucci Interlocking G Loafer; Giày Cao Gót Nữ Gucci Mid-Heel Pump With Horsebit In Black; Túi Đeo Chéo Nữ Gucci Marmont Leather Handbag; Giày Lười Nam Gucci Loafer With Horsebit Black; Áo Thun Porsche Legacy Nam Puma
Giày Cao Gót Nữ Gucci Mid-Heel Pump With Horsebit In Black,Giày Lười Nam Gucci Loafer With Horsebit Black; Thắt lưng Gucci 2505 nam; Giày Cao Gót Nữ Gucci Interlocking GG Leather Cream Sandals; Giày Lười Nam Gucci Leather Moccasins Grey; Giày Lười Nam Gucci Interlocking G Loafer
Giày Lười Nam Gucci Interlocking G Loafer,Giày Lười Nam Gucci Leather Moccasins Grey; Giày Lười Nam Gucci Loafer With Horsebit Black; Giày Cao Gót Nữ Gucci Interlocking GG Leather Cream Sandals; Thắt lưng Gucci 2505 nam; Đai thắt lưng nam GUCCI
Kính Mát Nam Gucci,Mũ Gucci Original GG Canvas Black; Dép Nam Gucci Men's GG Supreme Tigers Slide Sandal ; Adidas Bucket Hat; Geneva Women Watch; Cat-eye Acetate Sunglasses
Giày Lười Nam Gucci Leather Moccasins Grey,Giày Lười Nam Gucci Interlocking G Loafer; Giày Lười Nam Gucci Loafer With Horsebit Black; Adidas Classic Cap; Thắt lưng Gucci 2505 nam; Adidas Superstar
Giày Lười Nam Gucci Loafer With Horsebit Black,Giày Cao Gót Nữ Gucci Mid-Heel Pump With Horsebit In Black; Giày Lười Nam Gucci Leather Moccasins Grey; Giày Lười Nam Gucci Interlocking G Loafer; Túi Đeo Chéo Nữ Gucci Marmont Leather Handbag; Giày Cao Gót Nữ Gucci Interlocking GG Leather Cream Sandals
Mũ Gucci Original GG Canvas Black,Mũ Gucci GG Canvas Bucket Hat; Cat-eye Acetate Sunglasses; Kính Mát Nam Gucci; Geneva Women Watch; Mũ bóng chày Gucci
Mũ Gucci GG Psychedelic Baseball Hat Multicolor/Black ,Mũ Gucci GG Canvas Bucket Hat; NikeCourt AeroBill H86 Hat; Mũ Lưỡi Trai A$AP ROCKY x PUMA AWGE; NikeCourt Heritage Visor; Classic Green Croc Watch
Túi Đeo Chéo Gucci GG Ophidia Shoulder Bag,Túi Cầm Tay Nữ Gucci Ophidia GG Pouch Toiletry Bag; Small Croc Shoulder Bag; Lacoste Striped Casual Tee; Adidas Mini Backpack; Túi Đeo Chéo Nữ Gucci GG Monogram Marmont Mini Satchel
Túi Đeo Chéo Gucci Dionysus GG Supreme Mini Bag,Túi Đeo Chéo Nữ Gucci GG Monogram Marmont Mini Satchel; Logo Belt Bag; Gương Trang Điểm Nữ Gucci Beauty Mirror With Pouch Pink; Túi thắt lưng đua xe Scuderia Ferrari; Túi Đeo Chéo Nữ Gucci Marmont Leather Handbag
Túi Đeo Chéo Nữ Gucci Marmont Leather Handbag,Giày Lười Nam Gucci Loafer With Horsebit Black; Giày Cao Gót Nữ Gucci Interlocking GG Leather Cream Sandals; Túi Cầm Tay Nữ Gucci Ophidia GG Pouch Toiletry Bag; Túi Đeo Chéo Nữ Gucci GG Monogram Marmont Mini Satchel; Đồng hồ nữ Gucci 2305L Series
Túi Đeo Chéo Nữ Gucci GG Monogram Marmont Mini Satchel,Túi Đeo Chéo Gucci Dionysus GG Supreme Mini Bag; Signature Monogram Tote; Gương Trang Điểm Nữ Gucci Beauty Mirror With Pouch Pink; Túi xách PUMA Buzz; Túi Đeo Chéo Nữ Gucci Marmont Leather Handbag
Khăn Lụa Nữ Gucci Vintage Silk Flower Square Scarf ,Khăn Quàng Cổ Nữ Gucci Wool Silk Scarf ; Băng Đô Nữ Gucci Silk Headban; Khăn Quàng Cổ Gucci Logo GG Web Wool Scarf; Oversized Women Shades; Victoria Ladies Watch
Đồng Hồ Nam Gucci G-Timeless Watch ,Đồng hồ nữ Gucci 2305L Series; Áo Thun Porsche Legacy Nam Puma; Đồng Hồ Unisex Gucci 115 Pantheon Chronograph; Thắt lưng Gucci 2505 nam; Đai thắt lưng nam GUCCI
Dép Nam Gucci Men's GG Supreme Tigers Slide Sandal ,Giày thể thao Adidas x Gucci cổ điển; Nike Street Graphic Tee; Mũ Gucci Original GG Canvas Black; Kính Mát Nam Gucci; Giày Lười Nam Gucci Interlocking G Loafer
Mũ Gucci GG Canvas Bucket Hat,Mũ Gucci Original GG Canvas Black; Mũ Gucci GG Psychedelic Baseball Hat Multicolor/Black ; Mũ bóng chày Gucci; Classic Green Croc Watch; Bờm Tóc Nữ Gucci GG Denim Head Band Màu Denim
Khăn Quàng Cổ Gucci Logo GG Web Wool Scarf,Khăn Quàng Cổ Nữ Gucci Wool Silk Scarf ; Giày Lười Nam Gucci Interlocking G Loafer; Khăn Lụa Nữ Gucci Vintage Silk Flower Square Scarf ; Winter Knit Beanie; Thắt lưng Gucci 2505 nam
Khăn Quàng Cổ Nữ Gucci Wool Silk Scarf ,Khăn Lụa Nữ Gucci Vintage Silk Flower Square Scarf ; Khăn Quàng Cổ Gucci Logo GG Web Wool Scarf; Wool Blend Bucket Hat; Winter Knit Beanie; Áo Phông Nữ Gucci Women’s California TShirt White
Bảng Phấn Mắt Gucci Palette De Beauté Quatuor Eyeshadow ,Phấn Má Hồng Gucci Blush De Beauté; Phấn Phủ Dạng Nén Kiềm Dầu Siêu Tốt Gucci Poudre De Beaute Mat Naturel 10g; SON THỎI G.C VOILE; Giày Lười Nam Gucci Interlocking G Loafer; Oversized Women Shades
Áo phông Nike Essential Tee,Adidas Essentials Tee; Gucci Logo Chest Note - Áo Thun Cổ Tròn Tay Ngắn Mới 2025; Lacoste Classic Tee; Adidas Classic Cap; Gucci x Disney 2025
Nike Sportswear Club Tee,Nike Yoga Soft Touch Tee; Áo phông Nike Essential Tee; Nike Dri-FIT Run Tee; Nike Tiempo Legend 10; Adidas Sport Performance Tee
Nike Dri-FIT Run Tee,Nike Dri-FIT Training Pro Tee; Adidas Sport Gym Bag; Adidas Sport Performance Tee; Áo phông Nike Essential Tee; Adidas Running Cap
Nike Yoga Soft Touch Tee,Adidas Yoga Comfort Tee; Lacoste Slim Fit Stretch Tee; Nike Air Max Slim Tee; Nike Sportswear Club Tee; Áo phông Nike Essential Tee
Nike Oversized Lifestyle Tee,Nike Street Graphic Tee; Adidas HeatReady Tee; SON G.C SATIN; NikeCourt Tech Fleece Hoodie; Adidas Run It Tee
Nike Air Max Slim Tee,Lacoste Slim Fit Stretch Tee; Nike Yoga Soft Touch Tee; Sport Wrap Sunglasses; Sport Duffel Bag; Nike Resistance Band Medium
Nike Dri-FIT Training Pro Tee,Nike Dri-FIT Run Tee; Adidas Athletic Crew Socks; Lacoste Classic Tee; Adidas Sport Performance Tee; Áo phông Nike Essential Tee
Nike Court Tennis Performance Tee,Adidas Cushioned Low Cut Socks; Nike Dri-FIT Run Tee; Áo phông Nike Essential Tee; Adidas HeatReady Tee; Adidas Climacool Training Gloves
Nike Heritage Logo Tee,Gucci x Disney 2025; Adidas Originals Sport Socks; Áo phông Nike Essential Tee; Lacoste Classic Tee; Adidas Trefoil Cap
Nike Street Graphic Tee,Dép Nam Gucci Men's GG Supreme Tigers Slide Sandal ; Áo Thun Porsche Legacy Nam Puma; Adidas Graphic Print Tee; Adidas Originals Trefoil Tee; Mũ bóng chày Gucci
Nike Mercurial Vapor 15,Nike Tiempo Legend Academy; Nike Street Gato; Adidas Predator Edge; Nike Mercurial Superfly 9; Nike Zoom Mercurial Vapor 15 Pro
Nike Phantom GX Elite,Nike Phantom Luna 2; Nike Phantom GX Academy; Adidas Predator Edge; Nike Phantom Elite Gloves; Nike Mercurial Superfly 9
Nike Tiempo Legend 10,Nike Tiempo Legend Academy; Adidas Superstar; Adidas Forum Low; Nike Street Gato; Crocodile Mini Crossbody
Nike Mercurial Superfly 9,Nike Mercurial Vapor 15; Nike Tiempo Legend Academy; Nike Phantom GX Elite; Adidas Adizero Boston; Nike Dri-FIT Training Pro Tee
Nike Phantom Luna 2,Nike Phantom GX Elite; Nike Phantom GX Academy; Adidas Predator Edge; Nike Phantom Elite Gloves; Nike Mercurial Superfly 9
Nike Street Gato,Nike Tiempo Legend Academy; Nike Mercurial Vapor 15; Adidas Predator Edge; NikeCourt Zoom Pro HC; Nike Tiempo Legend 10
Nike Zoom Mercurial Vapor 15 Pro,Nike Mercurial Vapor 15; Nike Phantom GX Elite; Nike Mercurial Superfly 9; Nike Air Zoom Pegasus 40; Adidas Adizero Boston
Nike Phantom GX Academy,Nike Phantom GX Elite; Adidas Predator Edge; Nike Phantom Luna 2; Nike Grip3 Goalkeeper Gloves; Nike Mercurial Vapor Academy TF
Nike Tiempo Legend Academy,Nike Mercurial Vapor 15; Nike Street Gato; Nike Tiempo Legend 10; Nike Mercurial Vapor Academy TF; Adidas Ultraboost 22
Nike Mercurial Vapor Academy TF,Nike Tiempo Legend Academy; Nike Mercurial Vapor 15; Nike Street Gato; Adidas Predator Edge; Nike Phantom GX Academy
Nike Training Jump Rope,Retro Round Frame; Sport Wrap Sunglasses; Nike Sportswear Club Tee; Nike Shin Guard Mercurial Lite; Cotton Twill Bucket Hat
Nike Yoga Mat 5mm,Nike Training Gloves; Nike GK Strong Grip; Adidas Training Grip Gloves; Adidas Goalkeeper Gloves Match; Crocodile Mini Crossbody
Nike Resistance Band Medium,Adidas Predator Training Gloves; Adidas Ultraboost 22; Thắt lưng chơi golf nam Ultralite Stretch; Nike Air Max Slim Tee; NikeCourt Zoom Pro HC
Nike Water Bottle 700ml,Nike Training Gloves; Retro Round Frame; Sport Wrap Sunglasses; Nike Shin Guard Mercurial Lite; Adidas Performance No-Show Socks
Nike Shin Guard Mercurial Lite,Adidas Goalkeeper Gloves Match; Nike Mercurial Touch Elite; Adidas Performance No-Show Socks; Retro Round Frame; Nike GK Hard Ground Gloves
Nike Headband Dri-FIT,Nike Wristband Doublewide; Adidas Running Bag; Nike Elite Head Tie; Adidas Training Cap; NikeCourt Victory Dress
Nike Wristband Doublewide,Nike Headband Dri-FIT; Nike Elite Head Tie; NikeCourt AeroBill H86 Hat; Áo King Jersey PUMA x REPRESENT Nam; Adidas Athletic Crew Socks
Nike Training Gloves,Nike GK Strong Grip; Adidas Performance No-Show Socks; Crocodile Mini Crossbody; Classic Leather Crossbody; Nike Water Bottle 700ml
Nike Sport Backpack 25L,Sport Duffel Bag; Adidas Sport Performance Cap; Women Sun Visor; Adidas Travel Backpack; Ví cầm tay Clutch GUCCI Nam Black
Nike Football Training Cone Set,Adidas Running Bag; Retro Round Frame; Classic Leather Crossbody; Nike Resistance Band Medium; Sport Wrap Sunglasses
Nike Grip3 Goalkeeper Gloves,Nike Vapor Grip3 Elite; Nike Phantom Elite Gloves; Nike Goalkeeper Match Gloves; Adidas Goalkeeper Gloves Match; Nike GK Youth Match
Nike Vapor Grip3 Elite,Nike Mercurial Touch Elite; Nike Grip3 Goalkeeper Gloves; Nike Goalkeeper Match Gloves; Adidas Goalkeeper Gloves Match; Nike Phantom Elite Gloves
Nike Mercurial Touch Victory,Nike Mercurial Touch Elite; Nike GK Hard Ground Gloves; Nike GK Strong Grip; Thắt lưng chơi golf nam Ultralite Stretch; Áo Thun ALL IN GOOD TIME Nữ Puma
Nike Goalkeeper Match Gloves,Nike Vapor Grip3 Elite; Nike Grip3 Goalkeeper Gloves; Nike Mercurial Touch Elite; Adidas Goalkeeper Gloves Match; Nike Shin Guard Mercurial Lite
Nike Phantom Elite Gloves,Nike Grip3 Goalkeeper Gloves; Nike Phantom GX Elite; Adidas Predator Edge; Nike Vapor Grip3 Elite; Nike Phantom GX Academy
Nike GK Gunn Cut Pro,Nike GK Youth Match; Nike Grip3 Goalkeeper Gloves; Nike Phantom Elite Gloves; Adidas Swift Run; Nike GK Strong Grip
Nike GK Hard Ground Gloves,Adidas Goalkeeper Gloves Match; Adidas Adventure Backpack; Nike Shin Guard Mercurial Lite; Nike Wildhorse 8; Nike Mercurial Touch Victory
Nike Mercurial Touch Elite,Nike Vapor Grip3 Elite; Nike Goalkeeper Match Gloves; Nike Shin Guard Mercurial Lite; Nike Mercurial Touch Victory; Nike Grip3 Goalkeeper Gloves
Nike GK Strong Grip,Nike Training Gloves; Adidas Fingerless Gym Gloves; Adidas Athletic Crew Socks; Adidas Swift Run; Nike Air Zoom Structure 25
Nike GK Youth Match,Adidas Gazelle; Nike GK Gunn Cut Pro; Nike Grip3 Goalkeeper Gloves; Adidas Forum Low; Nike Tiempo Legend Academy
NikeCourt Victory Dress,Nike Headband Dri-FIT; Lacoste Slim Fit Stretch Tee; Áo King Jersey PUMA x REPRESENT Nam; Adidas Training Cap; Áo thun nữ Training Concept Puma
NikeCourt Heritage Visor,NikeCourt AeroBill H86 Hat; Adidas Climacool Socks; Mũ Gucci GG Psychedelic Baseball Hat Multicolor/Black ; Nike Elite Head Tie; Adidas Superstar
"NikeCourt Flex Ace Shorts 9""",Adidas Training Socks; Adidas Yoga Comfort Tee; Quần Short Jeans Nam PUMA x A$AP ROCKY; Lacoste Slim Fit Stretch Tee; Sport Performance Cap
NikeCourt Challenger Crew Top,NikeCourt Advantage Polo; Áo Phông Nữ Gucci Women’s California TShirt White; Round Metal Sunglasses; Áo Phông Nữ Gucci Knitted Short Sleeve T-Shirt; Gucci Logo Chest Note - Áo Thun Cổ Tròn Tay Ngắn Mới 2025
NikeCourt Tech Fleece Hoodie,Adidas Winter Running Gloves; Adidas Outdoor Cold Weather Gloves; Adidas Performance Full Gloves; Nike Oversized Lifestyle Tee; Adidas Bucket Hat
NikeCourt Pure Skirt,Adidas Performance No-Show Socks; Giày Lười Nam Gucci Leather Moccasins Grey; NikeCourt Victory Dress; Adidas Classic Cap; Adidas Superstar
NikeCourt AeroBill H86 Hat,Racing Sport Cap; NikeCourt Heritage Visor; Nike Wristband Doublewide; Adidas Climacool Socks; Mũ Gucci GG Psychedelic Baseball Hat Multicolor/Black 
NikeCourt Zoom Pro HC,Crocodile Mini Crossbody; Nike Street Gato; Adidas Predator Edge; Nike Mercurial Vapor 15; Nike Grip3 Goalkeeper Gloves
Nike Elite Head Tie,Adidas Running Cap; Nike Headband Dri-FIT; Áo King Jersey PUMA x REPRESENT Nam; Nike Wristband Doublewide; Mũ chạy bộ 5 mảnh ESS
NikeCourt Advantage Polo,Sport Performance Cap; NikeCourt Challenger Crew Top; Paris Business Watch; Adidas Cushioned Crew Socks; Nike Dri-FIT Training Pro Tee
Nike Air Zoom Pegasus 40,Adidas Swift Run; Nike Zoom Mercurial Vapor 15 Pro; Adidas ZX 2K Boost; Nike Revolution 6; Nike Renew Run 4
Nike Invincible 3,Nike Air Zoom Structure 25; Adidas Yeezy Boost 350; Nike Wildhorse 8; Nike Mercurial Superfly 9; Adidas Adizero Boston
Nike Vaporfly 3,Nike Zoom Fly 5; Nike Mercurial Vapor 15; Adidas Ultraboost 22; Adidas Originals Trefoil Bag; Áo Thun Graphic Magazine Nam Puma
Nike Renew Run 4,Crocodile Mini Crossbody; Nike Training Gloves; Nike Pegasus Turbo Next Nature; Nike Trail Pegasus 5; Adidas Fingerless Gym Gloves
Nike Air Zoom Structure 25,Nike Invincible 3; Nike GK Strong Grip; Adidas Training Socks; Adidas Athletic Crew Socks; Adidas Fingerless Gym Gloves
Nike Trail Pegasus 5,Nike Wildhorse 8; Adidas Goalkeeper Gloves Match; Nike Shin Guard Mercurial Lite; Nike Renew Run 4; Adidas Sport Performance Cap
Nike Revolution 6,Nike Air Zoom Pegasus 40; Gucci x Disney 2025; Giày Lười Nam Gucci Interlocking G Loafer; Adidas Essentials Tee; Adidas ZX 2K Boost
Nike Zoom Fly 5,Nike Vaporfly 3; Nike Pegasus Turbo Next Nature; Nike Renew Run 4; Nike Mercurial Touch Victory; Adidas Sport Performance Tee
Nike Wildhorse 8,Nike Trail Pegasus 5; Nike Shin Guard Mercurial Lite; Nike GK Hard Ground Gloves; Nike Invincible 3; Adidas Goalkeeper Gloves Match
Nike Pegasus Turbo Next Nature,Adidas Originals Trefoil Tee; Nike Renew Run 4; Nike Zoom Fly 5; Adidas Essentials Tee; Adidas Sport Performance Tee
Áo thun nữ chạy bộ VELOCITY Puma,Áo thun nữ Training Concept Puma; Áo thun nữ Graphic Concept Puma; Adidas Run It Tee; Quần short chạy bộ nam 2 trong 1 VELOCITY; Adidas Running Cap
Áo Thun CLOUDSPUN Nam Puma,Adidas Sport Performance Tee; Áo tay ngắn Jersey Puma; Nike Dri-FIT Training Pro Tee; Adidas Aeroready Training Tee; Áo phông Nike Essential Tee
Áo tay ngắn Jersey Puma,Áo Thun Porsche Legacy Nam Puma; Áo Thun CLOUDSPUN Nam Puma; Đồng Hồ Nam Gucci G-Timeless Watch ; Áo phông Nike Essential Tee; Adidas Originals Trefoil Tee
Áo Thun Porsche Legacy Nam Puma,Áo tay ngắn Jersey Puma; Đồng Hồ Nam Gucci G-Timeless Watch ; Nike Street Graphic Tee; Nước hoa nữ Memoire Dune Odeur; Mũ bóng chày Gucci
Áo thun nữ Training Concept Puma,Áo thun nữ Graphic Concept Puma; Áo thun nữ chạy bộ VELOCITY Puma; Quần short chạy bộ nam 2 trong 1 VELOCITY; Nike Headband Dri-FIT; NikeCourt Victory Dress
Áo thun nữ Graphic Concept Puma,Áo thun nữ Training Concept Puma; Áo thun nữ chạy bộ VELOCITY Puma; Quần short chạy bộ nam 2 trong 1 VELOCITY; Nike Headband Dri-FIT; Áo King Jersey PUMA x REPRESENT Nam
Áo Thun Graphic Magazine Nam Puma,Khăn Lụa Nữ Gucci Vintage Silk Flower Square Scarf ; Áo Thun ALL IN GOOD TIME Nữ Puma; Áo phông Nike Essential Tee; Adidas HeatReady Tee; Khăn Quàng Cổ Nữ Gucci Wool Silk Scarf 
Áo Thun ALL IN GOOD TIME Nữ Puma,Adidas Everyday Socks; Adidas Baseball Cap; Nike Mercurial Touch Victory; Nước Hoa Nữ Gucci Flora Gorgeous Gardenia; Áo Thun Porsche Legacy Nam Puma
Áo Thun Dáng Ôm T7 FENTY x PUMA Nữ,Áo Thun Porsche Legacy Nam Puma; Mũ bóng chày Gucci; Sport Performance Cap; Mũ Xô PUMA x SQUID GAME; Áo tay ngắn Jersey Puma
Áo thun nam Scuderia Ferrari Drivers Puma,Lacoste Classic Tee; Classic Green Croc Watch; Túi thắt lưng đua xe Scuderia Ferrari; Sport Silicone Watch; Giày Lười Nam Gucci Interlocking G Loafer
Giày Chạy Bộ Velocity NITRO™ 4 Nam,Giày Chạy Bộ FAST-R NITRO™ Elite 3 Nam; Giày Chạy Bộ FAST-R NITRO™ Elite 3 Nữ; Giày Chạy Bộ Deviate NITRO™ Elite 3 Nam; Giày chạy bộ Deviate NITRO™ DIGITOKYO dành cho nam; Adidas Swift Run
Giày chạy bộ Deviate NITRO™ DIGITOKYO dành cho nam,Giày chạy bộ Deviate NITRO™ DIGITOKYO dành cho nam; Giày Chạy Bộ FAST-R NITRO™ Elite 3 Nam; Giày Chạy Bộ Deviate NITRO™ Elite 3 Nam; Giày Chạy Bộ Velocity NITRO™ 4 Nam; Giày thể thao phong cách cổ điển Palermo Unisex
Giày Chạy Bộ Deviate NITRO™ Elite 3 Nam,Giày chạy bộ Deviate NITRO™ DIGITOKYO dành cho nam; Giày Chạy Bộ FAST-R NITRO™ Elite 3 Nam; Giày Chạy Bộ Deviate NITRO™ Elite 3 Nam; Giày Chạy Bộ Velocity NITRO™ 4 Nam; Giày thể thao phong cách cổ điển Palermo Unisex
Giày Chạy Bộ FAST-R NITRO™ Elite 3 Nữ,Giày chạy bộ Deviate NITRO™ DIGITOKYO dành cho nam; Giày Chạy Bộ FAST-R NITRO™ Elite 3 Nam; Giày Chạy Bộ Deviate NITRO™ Elite 3 Nam; Giày Chạy Bộ Velocity NITRO™ 4 Nam; Giày thể thao phong cách cổ điển Palermo Unisex
"Quần tất ngắn nữ PUMA x SAYSKY 7""",Áo Croptop Chạy Bộ Nữ PUMA x SAYSKY; Áo thun nữ chạy bộ VELOCITY Puma; Mũ Xô PUMA x SQUID GAME; Quần short chạy bộ nam 2 trong 1 VELOCITY; NikeCourt Pure Skirt
Áo Croptop Chạy Bộ Nữ PUMA x SAYSKY,"Quần tất ngắn nữ PUMA x SAYSKY 7""; Áo thun nữ chạy bộ VELOCITY Puma; Mũ Xô PUMA x SQUID GAME; Logo Belt Bag; Áo thun nữ Graphic Concept Puma"
Giày Chạy Bộ FAST-R NITRO™ Elite 3 Nam,Giày chạy bộ Deviate NITRO™ DIGITOKYO dành cho nam; Giày Chạy Bộ FAST-R NITRO™ Elite 3 Nam; Giày Chạy Bộ Deviate NITRO™ Elite 3 Nam; Giày Chạy Bộ Velocity NITRO™ 4 Nam; Giày thể thao phong cách cổ điển Palermo Unisex
Quần short chạy bộ nam 2 trong 1 VELOCITY,Áo thun nữ Graphic Concept Puma; Áo thun nữ Training Concept Puma; Áo thun nữ chạy bộ VELOCITY Puma; Adidas Tech Backpack; Túi Archive Grip
Áo King Jersey PUMA x REPRESENT Nam,Mũ chạy bộ 5 mảnh ESS; Nike Elite Head Tie; Adidas Running Bag; Nike Wristband Doublewide; Adidas Climacool Training Gloves
Áo Khoác Đệm Lót Nhẹ PUMA x KIDSUPER Nam,Mũ Bóng Chày PUMA x KIDSUPER; Sport Duffel Bag; Women Sun Visor; Sport Wrap Sunglasses; Nike Sport Backpack 25L
Quần Dài Nam A$AP ROCKY x PUMA Có Đệm Đầu Gối,Geneva Women Watch; Adidas Originals Trefoil Socks; Cat-eye Acetate Sunglasses; Túi Đeo Chéo Nữ Gucci GG Monogram Marmont Mini Satchel; Adidas Trefoil Cap
Quần Short Jeans Nam PUMA x A$AP ROCKY,"Denim Casual Cap; Túi Tote Họa Tiết PUMA x RIPNDIP Unisex; NikeCourt Flex Ace Shorts 9""; Mũ bóng chày Gucci; Mũ lưỡi trai thêu logo PUMA x A$AP ROCKY Unisex"
Giày thể thao King Indoor Unisex,Mũ Lưỡi Trai A$AP ROCKY x PUMA AWGE; Originals X Gucci; Mũ lưỡi trai PUMA x REPRESENT; Giày thể thao Adidas x Gucci cổ điển; Retro Round Frame
Giày thể thao unisex Indoor phong cách bụi bặm PUMA x KIDSUPER,Giày Gucci Gazelle Cero 2022; Originals X Gucci; Giày thể thao phong cách cổ điển Palermo Unisex; Geneva Women Watch; Adidas Gazelle
Giày thể thao phong cách cổ điển Palermo Unisex,Adidas Gazelle; Sport Duffel Bag; Giày chạy bộ Deviate NITRO™ DIGITOKYO dành cho nam; Giày Chạy Bộ Deviate NITRO™ Elite 3 Nam; Giày Chạy Bộ FAST-R NITRO™ Elite 3 Nữ
Giày Thể Thao Mostro OG Unisex,Giày Thể Thao Mostro Perforated Unisex; Giày Thể Thao Ur Mostro Communication Unisex; Giày Mostro Fey PRM Unisex; Giày Chạy Bộ FAST-R NITRO™ Elite 3 Nam; Giày chạy bộ Deviate NITRO™ DIGITOKYO dành cho nam
Giày Thể Thao Mostro Perforated Unisex,Giày Thể Thao Mostro OG Unisex; Giày Thể Thao Ur Mostro Communication Unisex; Giày Mostro Fey PRM Unisex; Giày chạy bộ Deviate NITRO™ DIGITOKYO dành cho nam; Giày Chạy Bộ FAST-R NITRO™ Elite 3 Nam
Giày Thể Thao Ur Mostro Communication Unisex,Giày Thể Thao Mostro OG Unisex; Adidas Swift Run; Giày Thể Thao Mostro Perforated Unisex; Adidas Adizero Boston; Adidas Running Cap
Giày Mostro Fey PRM Unisex,Sport Duffel Bag; Women Sun Visor; Sport Wrap Sunglasses; Giày Thể Thao Mostro Perforated Unisex; Đồng Hồ Nam Gucci G-Timeless Watch 
Túi PUMA x SAN SAN GEAR 69L,Áo thun nữ Graphic Concept Puma; Áo thun nữ Training Concept Puma; Túi PUMA x ROSÉ Micro Grip; Áo thun nữ chạy bộ VELOCITY Puma; Mũ Bóng Chày PUMA x KIDSUPER
Túi Đeo Hông PUMA x SONIC THE HEDGEDOG,Túi Archive Grip; Túi Xách Cầm Tay Có Ngăn FENTY x PUMA; Túi xách PUMA Buzz; Quần short chạy bộ nam 2 trong 1 VELOCITY; Nike Goalkeeper Match Gloves
Túi Xách Cầm Tay Có Ngăn FENTY x PUMA,Túi Archive Grip; Túi Đeo Hông PUMA x SONIC THE HEDGEDOG; Túi xách PUMA Buzz; Quần short chạy bộ nam 2 trong 1 VELOCITY; Nike Goalkeeper Match Gloves
Túi Archive Grip,Túi Đeo Hông PUMA x SONIC THE HEDGEDOG; Túi Xách Cầm Tay Có Ngăn FENTY x PUMA; Túi xách PUMA Buzz; Quần short chạy bộ nam 2 trong 1 VELOCITY; Nike Goalkeeper Match Gloves
Túi thắt lưng đua xe Scuderia Ferrari,Túi Đeo Chéo Gucci Dionysus GG Supreme Mini Bag; Áo thun nam Scuderia Ferrari Drivers Puma; Túi Đeo Chéo Nữ Gucci GG Monogram Marmont Mini Satchel; Túi đeo chéo PUMA Sense; Túi Tote Họa Tiết PUMA x RIPNDIP Unisex
"Túi Đựng Đồ Tập Luyện Essentials 28,5L",Túi xách PUMA Buzz; Túi Đeo Chéo Nữ Gucci GG Monogram Marmont Mini Satchel; Túi thắt lưng đua xe Scuderia Ferrari; Túi đeo chéo PUMA Sense; Adidas Street Bag
Túi xách PUMA Buzz,"Túi Đựng Đồ Tập Luyện Essentials 28,5L; Túi Archive Grip; Túi Đeo Hông PUMA x SONIC THE HEDGEDOG; Túi Đeo Chéo Nữ Gucci GG Monogram Marmont Mini Satchel; Túi Xách Cầm Tay Có Ngăn FENTY x PUMA"
Túi PUMA x ROSÉ Micro Grip,Mũ lưỡi trai PUMA x ROSÉ; Túi PUMA x SAN SAN GEAR 69L; Túi thắt lưng đua xe Scuderia Ferrari; Túi Tote Họa Tiết PUMA x RIPNDIP Unisex; Mũ Bóng Chày PUMA x KIDSUPER
Túi Tote Họa Tiết PUMA x RIPNDIP Unisex,Quần Short Jeans Nam PUMA x A$AP ROCKY; Túi thắt lưng đua xe Scuderia Ferrari; Túi PUMA x ROSÉ Micro Grip; Mũ bóng chày Gucci; Adidas Performance No-Show Socks
Túi đeo chéo PUMA Sense,Paris Business Watch; Túi xách PUMA Buzz; Túi thắt lưng đua xe Scuderia Ferrari; Giày thể thao King Indoor Unisex; Túi Đeo Chéo Nữ Gucci GG Monogram Marmont Mini Satchel
Mũ lưỡi trai thêu logo PUMA x A$AP ROCKY Unisex,Geneva Women Watch; Adidas Tech Backpack; Túi xách PUMA Buzz; Mũ Lưỡi Trai A$AP ROCKY x PUMA AWGE; Adidas Originals Snapback
Mũ Lưỡi Trai A$AP ROCKY x PUMA AWGE,Mũ Gucci GG Psychedelic Baseball Hat Multicolor/Black ; Giày thể thao King Indoor Unisex; NikeCourt AeroBill H86 Hat; NikeCourt Heritage Visor; Adidas Originals Trefoil Bag
Mũ lưỡi trai PUMA x ROSÉ,Túi PUMA x ROSÉ Micro Grip; Cannes Women Crystal; Giày Lười Nam Gucci Loafer With Horsebit Black; Adidas Forum Low; Adidas Gazelle
Mũ lưỡi trai phẳng PUMA x SQUID GAME,NikeCourt AeroBill H86 Hat; Mũ Gucci GG Psychedelic Baseball Hat Multicolor/Black ; Mũ chạy bộ 5 mảnh ESS; NikeCourt Heritage Visor; Mũ lưỡi trai PUMA x REPRESENT
Mũ Xô PUMA x SQUID GAME,"Áo Croptop Chạy Bộ Nữ PUMA x SAYSKY; Quần tất ngắn nữ PUMA x SAYSKY 7""; Áo Thun Dáng Ôm T7 FENTY x PUMA Nữ; Transparent Frame Sunglasses; Áo Phông Nữ Gucci Women’s California TShirt White"
Mũ Lưỡi Trai PUMA x SONIC THE HEDGEHOG,"Túi Đeo Hông PUMA x SONIC THE HEDGEDOG; Túi xách PUMA Buzz; Cannes Women Crystal; Túi đeo chéo PUMA Sense; Túi Đựng Đồ Tập Luyện Essentials 28,5L"
Mũ lưỡi trai PUMA x REPRESENT,"Mũ golf nam Heritage P Tech
; Mũ chạy bộ 5 mảnh ESS; Giày thể thao King Indoor Unisex; NikeCourt Heritage Visor; Adidas Climacool Socks"
"Mũ golf nam Heritage P Tech
",Mũ lưỡi trai PUMA x REPRESENT; Mũ chạy bộ 5 mảnh ESS; NikeCourt AeroBill H86 Hat; Lacoste Classic Tee; Croc Logo Snapback
Mũ Bóng Chày PUMA x KIDSUPER,Áo Khoác Đệm Lót Nhẹ PUMA x KIDSUPER Nam; Sport Duffel Bag; Women Sun Visor; Sport Wrap Sunglasses; Túi PUMA x SAN SAN GEAR 69L
Mũ Lưỡi Trai Manchester City Essentials,Mũ Len High-Crown Kim Loại Báo PUMA; Mũ chạy bộ 5 mảnh vành ngắn; Quả Bóng Đá Essentials Manchester City; Adidas Fingerless Gym Gloves; Adidas Swift Run
Thắt lưng chơi golf nam Ultralite Stretch,Nike Resistance Band Medium; Nike Mercurial Touch Victory; Áo Thun ALL IN GOOD TIME Nữ Puma; Giày Đá Bóng FUTURE 8 ULTIMATE FG Unisex; Adidas Predator Training Gloves
Bóng Đá Họa Tiết PUMA CUP,Áo bóng đá AC Milan 24/25 Pre-match; Quả Bóng Đá Essentials Manchester City; Quả bóng đá kỷ niệm Borussia Dortmund; Adidas Sport Performance Tee; Mũ Bóng Chày PUMA x KIDSUPER
Quả Bóng Đá Essentials Manchester City,Áo bóng đá AC Milan 24/25 Pre-match; Bóng Đá Họa Tiết PUMA CUP; Quả bóng đá kỷ niệm Borussia Dortmund; Mũ Lưỡi Trai Manchester City Essentials; Adidas Sport Performance Tee
"Bình nước thể thao 1L
",Aviator Metal Frame; Round Metal Sunglasses; Đai thắt lưng nam GUCCI; Thắt lưng Gucci 2505 nam; Adidas Classic Backpack
Quả bóng đá kỷ niệm Borussia Dortmund,Áo bóng đá AC Milan 24/25 Pre-match; Bóng Đá Họa Tiết PUMA CUP; Quả Bóng Đá Essentials Manchester City; Adidas Sport Performance Tee; L.12.12 French Panache Women
Áo bóng đá AC Milan 24/25 Pre-match,Bóng Đá Họa Tiết PUMA CUP; Quả Bóng Đá Essentials Manchester City; Quả bóng đá kỷ niệm Borussia Dortmund; Adidas Sport Performance Tee; L.12.12 French Panache Women
Áo đấu Sân khách Nam Manchester City 24/25,Victoria Ladies Watch; Round Metal Sunglasses; Nike Mercurial Touch Victory; Nike GK Hard Ground Gloves; Nike Invincible 3
Giày Đá Bóng FUTURE 8 ULTIMATE FG Unisex,Nike Invincible 3; Thắt lưng chơi golf nam Ultralite Stretch; Giày Chạy Bộ FAST-R NITRO™ Elite 3 Nam; Giày Chạy Bộ FAST-R NITRO™ Elite 3 Nữ; Giày Chạy Bộ Deviate NITRO™ Elite 3 Nam
Mũ chạy bộ 5 mảnh vành ngắn,Mũ Len High-Crown Kim Loại Báo PUMA; Mũ Lưỡi Trai Manchester City Essentials; Adidas Fingerless Gym Gloves; Adidas Swift Run; Sport Performance Cap
Mũ Len High-Crown Kim Loại Báo PUMA,Mũ Len High-Crown Kim Loại Báo PUMA; Mũ Lưỡi Trai Manchester City Essentials; Adidas Fingerless Gym Gloves; Adidas Swift Run; Sport Performance Cap
Mũ chạy bộ 5 mảnh ESS,"Áo King Jersey PUMA x REPRESENT Nam; Nike Elite Head Tie; Mũ golf nam Heritage P Tech
; Mũ lưỡi trai PUMA x REPRESENT; Adidas Running Cap"
